run_id,manager,standard,width_mhz,nss,gi_ns,step_size_db,step_time_s,seed,series,snr_db,rate_mbps,wall_s
MinstrelHt_802.11ax-5GHz_20MHz_1ss_800ns_st1.0_s1,MinstrelHt,802.11ax-5GHz,20,1,800,1.0,1.0,1,selected,55.0,97.5,4.652594804763794
MinstrelHt_802.11ax-5GHz_20MHz_1ss_800ns_st1.0_s1,MinstrelHt,802.11ax-5GHz,20,1,800,1.0,1.0,1,selected,54.0,108.333,4.652594804763794
MinstrelHt_802.11ax-5GHz_20MHz_1ss_800ns_st1.0_s1,MinstrelHt,802.11ax-5GHz,20,1,800,1.0,1.0,1,selected,53.0,114.706,4.652594804763794
MinstrelHt_802.11ax-5GHz_20MHz_1ss_800ns_st1.0_s1,MinstrelHt,802.11ax-5GHz,20,1,800,1.0,1.0,1,selected,52.0,114.706,4.652594804763794
MinstrelHt_802.11ax-5GHz_20MHz_1ss_800ns_st1.0_s1,MinstrelHt,802.11ax-5GHz,20,1,800,1.0,1.0,1,selected,51.0,114.706,4.652594804763794
MinstrelHt_802.11ax-5GHz_20MHz_1ss_800ns_st1.0_s1,MinstrelHt,802.11ax-5GHz,20,1,800,1.0,1.0,1,selected,50.0,114.706,4.652594804763794
MinstrelHt_802.11ax-5GHz_20MHz_1ss_800ns_st1.0_s1,MinstrelHt,802.11ax-5GHz,20,1,800,1.0,1.0,1,selected,49.0,114.706,4.652594804763794
MinstrelHt_802.11ax-5GHz_20MHz_1ss_800ns_st1.0_s1,MinstrelHt,802.11ax-5GHz,20,1,800,1.0,1.0,1,selected,48.0,121.875,4.652594804763794
MinstrelHt_802.11ax-5GHz_20MHz_1ss_800ns_st1.0_s1,MinstrelHt,802.11ax-5GHz,20,1,800,1.0,1.0,1,selected,47.0,143.382,4.652594804763794
MinstrelHt_802.11ax-5GHz_20MHz_1ss_800ns_st1.0_s1,MinstrelHt,802.11ax-5GHz,20,1,800,1.0,1.0,1,selected,46.0,143.382,4.652594804763794
MinstrelHt_802.11ax-5GHz_20MHz_1ss_800ns_st1.0_s1,MinstrelHt,802.11ax-5GHz,20,1,800,1.0,1.0,1,selected,45.0,143.382,4.652594804763794
MinstrelHt_802.11ax-5GHz_20MHz_1ss_800ns_st1.0_s1,MinstrelHt,802.11ax-5GHz,20,1,800,1.0,1.0,1,selected,44.0,143.382,4.652594804763794
MinstrelHt_802.11ax-5GHz_20MHz_1ss_800ns_st1.0_s1,MinstrelHt,802.11ax-5GHz,20,1,800,1.0,1.0,1,selected,43.0,143.382,4.652594804763794
MinstrelHt_802.11ax-5GHz_20MHz_1ss_800ns_st1.0_s1,MinstrelHt,802.11ax-5GHz,20,1,800,1.0,1.0,1,selected,42.0,143.382,4.652594804763794
MinstrelHt_802.11ax-5GHz_20MHz_1ss_800ns_st1.0_s1,MinstrelHt,802.11ax-5GHz,20,1,800,1.0,1.0,1,selected,41.0,143.382,4.652594804763794
MinstrelHt_802.11ax-5GHz_20MHz_1ss_800ns_st1.0_s1,MinstrelHt,802.11ax-5GHz,20,1,800,1.0,1.0,1,selected,40.0,143.382,4.652594804763794
MinstrelHt_802.11ax-5GHz_20MHz_1ss_800ns_st1.0_s1,MinstrelHt,802.11ax-5GHz,20,1,800,1.0,1.0,1,selected,39.0,143.382,4.652594804763794
MinstrelHt_802.11ax-5GHz_20MHz_1ss_800ns_st1.0_s1,MinstrelHt,802.11ax-5GHz,20,1,800,1.0,1.0,1,selected,38.0,143.382,4.652594804763794
MinstrelHt_802.11ax-5GHz_20MHz_1ss_800ns_st1.0_s1,MinstrelHt,802.11ax-5GHz,20,1,800,1.0,1.0,1,selected,37.0,143.382,4.652594804763794
MinstrelHt_802.11ax-5GHz_20MHz_1ss_800ns_st1.0_s1,MinstrelHt,802.11ax-5GHz,20,1,800,1.0,1.0,1,selected,36.0,143.382,4.652594804763794
MinstrelHt_802.11ax-5GHz_20MHz_1ss_800ns_st1.0_s1,MinstrelHt,802.11ax-5GHz,20,1,800,1.0,1.0,1,selected,35.0,143.382,4.652594804763794
MinstrelHt_802.11ax-5GHz_20MHz_1ss_800ns_st1.0_s1,MinstrelHt,802.11ax-5GHz,20,1,800,1.0,1.0,1,selected,34.0,135.417,4.652594804763794
MinstrelHt_802.11ax-5GHz_20MHz_1ss_800ns_st1.0_s1,MinstrelHt,802.11ax-5GHz,20,1,800,1.0,1.0,1,selected,33.0,129.044,4.652594804763794
MinstrelHt_802.11ax-5GHz_20MHz_1ss_800ns_st1.0_s1,MinstrelHt,802.11ax-5GHz,20,1,800,1.0,1.0,1,selected,32.0,121.875,4.652594804763794
MinstrelHt_802.11ax-5GHz_20MHz_1ss_800ns_st1.0_s1,MinstrelHt,802.11ax-5GHz,20,1,800,1.0,1.0,1,selected,31.0,114.706,4.652594804763794
MinstrelHt_802.11ax-5GHz_20MHz_1ss_800ns_st1.0_s1,MinstrelHt,802.11ax-5GHz,20,1,800,1.0,1.0,1,selected,30.0,114.706,4.652594804763794
MinstrelHt_802.11ax-5GHz_20MHz_1ss_800ns_st1.0_s1,MinstrelHt,802.11ax-5GHz,20,1,800,1.0,1.0,1,selected,29.0,114.706,4.652594804763794
MinstrelHt_802.11ax-5GHz_20MHz_1ss_800ns_st1.0_s1,MinstrelHt,802.11ax-5GHz,20,1,800,1.0,1.0,1,selected,28.0,114.706,4.652594804763794
MinstrelHt_802.11ax-5GHz_20MHz_1ss_800ns_st1.0_s1,MinstrelHt,802.11ax-5GHz,20,1,800,1.0,1.0,1,selected,27.0,114.706,4.652594804763794
MinstrelHt_802.11ax-5GHz_20MHz_1ss_800ns_st1.0_s1,MinstrelHt,802.11ax-5GHz,20,1,800,1.0,1.0,1,selected,26.0,114.706,4.652594804763794
MinstrelHt_802.11ax-5GHz_20MHz_1ss_800ns_st1.0_s1,MinstrelHt,802.11ax-5GHz,20,1,800,1.0,1.0,1,selected,25.0,114.706,4.652594804763794
MinstrelHt_802.11ax-5GHz_20MHz_1ss_800ns_st1.0_s1,MinstrelHt,802.11ax-5GHz,20,1,800,1.0,1.0,1,selected,24.0,87.75,4.652594804763794
MinstrelHt_802.11ax-5GHz_20MHz_1ss_800ns_st1.0_s1,MinstrelHt,802.11ax-5GHz,20,1,800,1.0,1.0,1,selected,23.0,81.25,4.652594804763794
MinstrelHt_802.11ax-5GHz_20MHz_1ss_800ns_st1.0_s1,MinstrelHt,802.11ax-5GHz,20,1,800,1.0,1.0,1,selected,22.0,81.25,4.652594804763794
MinstrelHt_802.11ax-5GHz_20MHz_1ss_800ns_st1.0_s1,MinstrelHt,802.11ax-5GHz,20,1,800,1.0,1.0,1,selected,21.0,81.25,4.652594804763794
MinstrelHt_802.11ax-5GHz_20MHz_1ss_800ns_st1.0_s1,MinstrelHt,802.11ax-5GHz,20,1,800,1.0,1.0,1,selected,20.0,81.25,4.652594804763794
MinstrelHt_802.11ax-5GHz_20MHz_1ss_800ns_st1.0_s1,MinstrelHt,802.11ax-5GHz,20,1,800,1.0,1.0,1,selected,19.0,73.125,4.652594804763794
MinstrelHt_802.11ax-5GHz_20MHz_1ss_800ns_st1.0_s1,MinstrelHt,802.11ax-5GHz,20,1,800,1.0,1.0,1,selected,18.0,68.8235,4.652594804763794
MinstrelHt_802.11ax-5GHz_20MHz_1ss_800ns_st1.0_s1,MinstrelHt,802.11ax-5GHz,20,1,800,1.0,1.0,1,selected,17.0,68.8235,4.652594804763794
MinstrelHt_802.11ax-5GHz_20MHz_1ss_800ns_st1.0_s1,MinstrelHt,802.11ax-5GHz,20,1,800,1.0,1.0,1,selected,16.0,48.75,4.652594804763794
MinstrelHt_802.11ax-5GHz_20MHz_1ss_800ns_st1.0_s1,MinstrelHt,802.11ax-5GHz,20,1,800,1.0,1.0,1,selected,15.0,48.75,4.652594804763794
MinstrelHt_802.11ax-5GHz_20MHz_1ss_800ns_st1.0_s1,MinstrelHt,802.11ax-5GHz,20,1,800,1.0,1.0,1,selected,14.0,48.75,4.652594804763794
MinstrelHt_802.11ax-5GHz_20MHz_1ss_800ns_st1.0_s1,MinstrelHt,802.11ax-5GHz,20,1,800,1.0,1.0,1,selected,13.0,48.75,4.652594804763794
MinstrelHt_802.11ax-5GHz_20MHz_1ss_800ns_st1.0_s1,MinstrelHt,802.11ax-5GHz,20,1,800,1.0,1.0,1,selected,12.0,48.75,4.652594804763794
MinstrelHt_802.11ax-5GHz_20MHz_1ss_800ns_st1.0_s1,MinstrelHt,802.11ax-5GHz,20,1,800,1.0,1.0,1,selected,11.0,34.4118,4.652594804763794
MinstrelHt_802.11ax-5GHz_20MHz_1ss_800ns_st1.0_s1,MinstrelHt,802.11ax-5GHz,20,1,800,1.0,1.0,1,selected,10.0,34.4118,4.652594804763794
MinstrelHt_802.11ax-5GHz_20MHz_1ss_800ns_st1.0_s1,MinstrelHt,802.11ax-5GHz,20,1,800,1.0,1.0,1,selected,9.0,25.8088,4.652594804763794
MinstrelHt_802.11ax-5GHz_20MHz_1ss_800ns_st1.0_s1,MinstrelHt,802.11ax-5GHz,20,1,800,1.0,1.0,1,selected,8.0,25.8088,4.652594804763794
MinstrelHt_802.11ax-5GHz_20MHz_1ss_800ns_st1.0_s1,MinstrelHt,802.11ax-5GHz,20,1,800,1.0,1.0,1,selected,7.0,25.8088,4.652594804763794
MinstrelHt_802.11ax-5GHz_20MHz_1ss_800ns_st1.0_s1,MinstrelHt,802.11ax-5GHz,20,1,800,1.0,1.0,1,selected,6.0,25.8088,4.652594804763794
MinstrelHt_802.11ax-5GHz_20MHz_1ss_800ns_st1.0_s1,MinstrelHt,802.11ax-5GHz,20,1,800,1.0,1.0,1,selected,5.0,103.235,4.652594804763794
MinstrelHt_802.11ax-5GHz_20MHz_1ss_800ns_st1.0_s1,MinstrelHt,802.11ax-5GHz,20,1,800,1.0,1.0,1,observed,55.0,63.8403,4.652594804763794
MinstrelHt_802.11ax-5GHz_20MHz_1ss_800ns_st1.0_s1,MinstrelHt,802.11ax-5GHz,20,1,800,1.0,1.0,1,observed,54.0,95.9037,4.652594804763794
MinstrelHt_802.11ax-5GHz_20MHz_1ss_800ns_st1.0_s1,MinstrelHt,802.11ax-5GHz,20,1,800,1.0,1.0,1,observed,53.0,104.661,4.652594804763794
MinstrelHt_802.11ax-5GHz_20MHz_1ss_800ns_st1.0_s1,MinstrelHt,802.11ax-5GHz,20,1,800,1.0,1.0,1,observed,52.0,104.587,4.652594804763794
MinstrelHt_802.11ax-5GHz_20MHz_1ss_800ns_st1.0_s1,MinstrelHt,802.11ax-5GHz,20,1,800,1.0,1.0,1,observed,51.0,104.301,4.652594804763794
MinstrelHt_802.11ax-5GHz_20MHz_1ss_800ns_st1.0_s1,MinstrelHt,802.11ax-5GHz,20,1,800,1.0,1.0,1,observed,50.0,104.079,4.652594804763794
MinstrelHt_802.11ax-5GHz_20MHz_1ss_800ns_st1.0_s1,MinstrelHt,802.11ax-5GHz,20,1,800,1.0,1.0,1,observed,49.0,104.514,4.652594804763794
MinstrelHt_802.11ax-5GHz_20MHz_1ss_800ns_st1.0_s1,MinstrelHt,802.11ax-5GHz,20,1,800,1.0,1.0,1,observed,48.0,106.267,4.652594804763794
MinstrelHt_802.11ax-5GHz_20MHz_1ss_800ns_st1.0_s1,MinstrelHt,802.11ax-5GHz,20,1,800,1.0,1.0,1,observed,47.0,119.628,4.652594804763794
MinstrelHt_802.11ax-5GHz_20MHz_1ss_800ns_st1.0_s1,MinstrelHt,802.11ax-5GHz,20,1,800,1.0,1.0,1,observed,46.0,128.95,4.652594804763794
MinstrelHt_802.11ax-5GHz_20MHz_1ss_800ns_st1.0_s1,MinstrelHt,802.11ax-5GHz,20,1,800,1.0,1.0,1,observed,45.0,129.221,4.652594804763794
MinstrelHt_802.11ax-5GHz_20MHz_1ss_800ns_st1.0_s1,MinstrelHt,802.11ax-5GHz,20,1,800,1.0,1.0,1,observed,44.0,129.417,4.652594804763794
MinstrelHt_802.11ax-5GHz_20MHz_1ss_800ns_st1.0_s1,MinstrelHt,802.11ax-5GHz,20,1,800,1.0,1.0,1,observed,43.0,128.369,4.652594804763794
MinstrelHt_802.11ax-5GHz_20MHz_1ss_800ns_st1.0_s1,MinstrelHt,802.11ax-5GHz,20,1,800,1.0,1.0,1,observed,42.0,128.95,4.652594804763794
MinstrelHt_802.11ax-5GHz_20MHz_1ss_800ns_st1.0_s1,MinstrelHt,802.11ax-5GHz,20,1,800,1.0,1.0,1,observed,41.0,128.811,4.652594804763794
MinstrelHt_802.11ax-5GHz_20MHz_1ss_800ns_st1.0_s1,MinstrelHt,802.11ax-5GHz,20,1,800,1.0,1.0,1,observed,40.0,128.68,4.652594804763794
MinstrelHt_802.11ax-5GHz_20MHz_1ss_800ns_st1.0_s1,MinstrelHt,802.11ax-5GHz,20,1,800,1.0,1.0,1,observed,39.0,128.393,4.652594804763794
MinstrelHt_802.11ax-5GHz_20MHz_1ss_800ns_st1.0_s1,MinstrelHt,802.11ax-5GHz,20,1,800,1.0,1.0,1,observed,38.0,129.589,4.652594804763794
MinstrelHt_802.11ax-5GHz_20MHz_1ss_800ns_st1.0_s1,MinstrelHt,802.11ax-5GHz,20,1,800,1.0,1.0,1,observed,37.0,129.458,4.652594804763794
MinstrelHt_802.11ax-5GHz_20MHz_1ss_800ns_st1.0_s1,MinstrelHt,802.11ax-5GHz,20,1,800,1.0,1.0,1,observed,36.0,129.491,4.652594804763794
MinstrelHt_802.11ax-5GHz_20MHz_1ss_800ns_st1.0_s1,MinstrelHt,802.11ax-5GHz,20,1,800,1.0,1.0,1,observed,35.0,127.664,4.652594804763794
MinstrelHt_802.11ax-5GHz_20MHz_1ss_800ns_st1.0_s1,MinstrelHt,802.11ax-5GHz,20,1,800,1.0,1.0,1,observed,34.0,111.591,4.652594804763794
MinstrelHt_802.11ax-5GHz_20MHz_1ss_800ns_st1.0_s1,MinstrelHt,802.11ax-5GHz,20,1,800,1.0,1.0,1,observed,33.0,108.167,4.652594804763794
MinstrelHt_802.11ax-5GHz_20MHz_1ss_800ns_st1.0_s1,MinstrelHt,802.11ax-5GHz,20,1,800,1.0,1.0,1,observed,32.0,94.3555,4.652594804763794
MinstrelHt_802.11ax-5GHz_20MHz_1ss_800ns_st1.0_s1,MinstrelHt,802.11ax-5GHz,20,1,800,1.0,1.0,1,observed,31.0,102.105,4.652594804763794
MinstrelHt_802.11ax-5GHz_20MHz_1ss_800ns_st1.0_s1,MinstrelHt,802.11ax-5GHz,20,1,800,1.0,1.0,1,observed,30.0,104.374,4.652594804763794
MinstrelHt_802.11ax-5GHz_20MHz_1ss_800ns_st1.0_s1,MinstrelHt,802.11ax-5GHz,20,1,800,1.0,1.0,1,observed,29.0,103.883,4.652594804763794
MinstrelHt_802.11ax-5GHz_20MHz_1ss_800ns_st1.0_s1,MinstrelHt,802.11ax-5GHz,20,1,800,1.0,1.0,1,observed,28.0,104.71,4.652594804763794
MinstrelHt_802.11ax-5GHz_20MHz_1ss_800ns_st1.0_s1,MinstrelHt,802.11ax-5GHz,20,1,800,1.0,1.0,1,observed,27.0,104.686,4.652594804763794
MinstrelHt_802.11ax-5GHz_20MHz_1ss_800ns_st1.0_s1,MinstrelHt,802.11ax-5GHz,20,1,800,1.0,1.0,1,observed,26.0,103.244,4.652594804763794
MinstrelHt_802.11ax-5GHz_20MHz_1ss_800ns_st1.0_s1,MinstrelHt,802.11ax-5GHz,20,1,800,1.0,1.0,1,observed,25.0,94.3145,4.652594804763794
MinstrelHt_802.11ax-5GHz_20MHz_1ss_800ns_st1.0_s1,MinstrelHt,802.11ax-5GHz,20,1,800,1.0,1.0,1,observed,24.0,71.9258,4.652594804763794
MinstrelHt_802.11ax-5GHz_20MHz_1ss_800ns_st1.0_s1,MinstrelHt,802.11ax-5GHz,20,1,800,1.0,1.0,1,observed,23.0,72.4992,4.652594804763794
MinstrelHt_802.11ax-5GHz_20MHz_1ss_800ns_st1.0_s1,MinstrelHt,802.11ax-5GHz,20,1,800,1.0,1.0,1,observed,22.0,74.5718,4.652594804763794
MinstrelHt_802.11ax-5GHz_20MHz_1ss_800ns_st1.0_s1,MinstrelHt,802.11ax-5GHz,20,1,800,1.0,1.0,1,observed,21.0,73.8755,4.652594804763794
MinstrelHt_802.11ax-5GHz_20MHz_1ss_800ns_st1.0_s1,MinstrelHt,802.11ax-5GHz,20,1,800,1.0,1.0,1,observed,20.0,72.6385,4.652594804763794
MinstrelHt_802.11ax-5GHz_20MHz_1ss_800ns_st1.0_s1,MinstrelHt,802.11ax-5GHz,20,1,800,1.0,1.0,1,observed,19.0,60.7027,4.652594804763794
MinstrelHt_802.11ax-5GHz_20MHz_1ss_800ns_st1.0_s1,MinstrelHt,802.11ax-5GHz,20,1,800,1.0,1.0,1,observed,18.0,60.8174,4.652594804763794
MinstrelHt_802.11ax-5GHz_20MHz_1ss_800ns_st1.0_s1,MinstrelHt,802.11ax-5GHz,20,1,800,1.0,1.0,1,observed,17.0,57.131,4.652594804763794
MinstrelHt_802.11ax-5GHz_20MHz_1ss_800ns_st1.0_s1,MinstrelHt,802.11ax-5GHz,20,1,800,1.0,1.0,1,observed,16.0,34.3654,4.652594804763794
MinstrelHt_802.11ax-5GHz_20MHz_1ss_800ns_st1.0_s1,MinstrelHt,802.11ax-5GHz,20,1,800,1.0,1.0,1,observed,15.0,44.1631,4.652594804763794
MinstrelHt_802.11ax-5GHz_20MHz_1ss_800ns_st1.0_s1,MinstrelHt,802.11ax-5GHz,20,1,800,1.0,1.0,1,observed,14.0,44.2614,4.652594804763794
MinstrelHt_802.11ax-5GHz_20MHz_1ss_800ns_st1.0_s1,MinstrelHt,802.11ax-5GHz,20,1,800,1.0,1.0,1,observed,13.0,42.9588,4.652594804763794
MinstrelHt_802.11ax-5GHz_20MHz_1ss_800ns_st1.0_s1,MinstrelHt,802.11ax-5GHz,20,1,800,1.0,1.0,1,observed,12.0,19.5133,4.652594804763794
MinstrelHt_802.11ax-5GHz_20MHz_1ss_800ns_st1.0_s1,MinstrelHt,802.11ax-5GHz,20,1,800,1.0,1.0,1,observed,11.0,12.9597,4.652594804763794
MinstrelHt_802.11ax-5GHz_20MHz_1ss_800ns_st1.0_s1,MinstrelHt,802.11ax-5GHz,20,1,800,1.0,1.0,1,observed,10.0,30.294,4.652594804763794
MinstrelHt_802.11ax-5GHz_20MHz_1ss_800ns_st1.0_s1,MinstrelHt,802.11ax-5GHz,20,1,800,1.0,1.0,1,observed,9.0,16.0563,4.652594804763794
MinstrelHt_802.11ax-5GHz_20MHz_1ss_800ns_st1.0_s1,MinstrelHt,802.11ax-5GHz,20,1,800,1.0,1.0,1,observed,8.0,23.1178,4.652594804763794
MinstrelHt_802.11ax-5GHz_20MHz_1ss_800ns_st1.0_s1,MinstrelHt,802.11ax-5GHz,20,1,800,1.0,1.0,1,observed,7.0,23.0605,4.652594804763794
MinstrelHt_802.11ax-5GHz_20MHz_1ss_800ns_st1.0_s1,MinstrelHt,802.11ax-5GHz,20,1,800,1.0,1.0,1,observed,6.0,17.8504,4.652594804763794
MinstrelHt_802.11ax-5GHz_20MHz_1ss_800ns_st1.0_s1,MinstrelHt,802.11ax-5GHz,20,1,800,1.0,1.0,1,observed,5.0,4.49741,4.652594804763794
Ideal_802.11ax-5GHz_20MHz_1ss_800ns_st1.0_s1,Ideal,802.11ax-5GHz,20,1,800,1.0,1.0,1,selected,55.0,143.382,4.783470869064331
Ideal_802.11ax-5GHz_20MHz_1ss_800ns_st1.0_s1,Ideal,802.11ax-5GHz,20,1,800,1.0,1.0,1,selected,54.0,143.382,4.783470869064331
Ideal_802.11ax-5GHz_20MHz_1ss_800ns_st1.0_s1,Ideal,802.11ax-5GHz,20,1,800,1.0,1.0,1,selected,53.0,143.382,4.783470869064331
Ideal_802.11ax-5GHz_20MHz_1ss_800ns_st1.0_s1,Ideal,802.11ax-5GHz,20,1,800,1.0,1.0,1,selected,52.0,143.382,4.783470869064331
Ideal_802.11ax-5GHz_20MHz_1ss_800ns_st1.0_s1,Ideal,802.11ax-5GHz,20,1,800,1.0,1.0,1,selected,51.0,143.382,4.783470869064331
Ideal_802.11ax-5GHz_20MHz_1ss_800ns_st1.0_s1,Ideal,802.11ax-5GHz,20,1,800,1.0,1.0,1,selected,50.0,143.382,4.783470869064331
Ideal_802.11ax-5GHz_20MHz_1ss_800ns_st1.0_s1,Ideal,802.11ax-5GHz,20,1,800,1.0,1.0,1,selected,49.0,143.382,4.783470869064331
Ideal_802.11ax-5GHz_20MHz_1ss_800ns_st1.0_s1,Ideal,802.11ax-5GHz,20,1,800,1.0,1.0,1,selected,48.0,143.382,4.783470869064331
Ideal_802.11ax-5GHz_20MHz_1ss_800ns_st1.0_s1,Ideal,802.11ax-5GHz,20,1,800,1.0,1.0,1,selected,47.0,143.382,4.783470869064331
Ideal_802.11ax-5GHz_20MHz_1ss_800ns_st1.0_s1,Ideal,802.11ax-5GHz,20,1,800,1.0,1.0,1,selected,46.0,143.382,4.783470869064331
Ideal_802.11ax-5GHz_20MHz_1ss_800ns_st1.0_s1,Ideal,802.11ax-5GHz,20,1,800,1.0,1.0,1,selected,45.0,143.382,4.783470869064331
Ideal_802.11ax-5GHz_20MHz_1ss_800ns_st1.0_s1,Ideal,802.11ax-5GHz,20,1,800,1.0,1.0,1,selected,44.0,143.382,4.783470869064331
Ideal_802.11ax-5GHz_20MHz_1ss_800ns_st1.0_s1,Ideal,802.11ax-5GHz,20,1,800,1.0,1.0,1,selected,43.0,143.382,4.783470869064331
Ideal_802.11ax-5GHz_20MHz_1ss_800ns_st1.0_s1,Ideal,802.11ax-5GHz,20,1,800,1.0,1.0,1,selected,42.0,143.382,4.783470869064331
Ideal_802.11ax-5GHz_20MHz_1ss_800ns_st1.0_s1,Ideal,802.11ax-5GHz,20,1,800,1.0,1.0,1,selected,41.0,143.382,4.783470869064331
Ideal_802.11ax-5GHz_20MHz_1ss_800ns_st1.0_s1,Ideal,802.11ax-5GHz,20,1,800,1.0,1.0,1,selected,40.0,143.382,4.783470869064331
Ideal_802.11ax-5GHz_20MHz_1ss_800ns_st1.0_s1,Ideal,802.11ax-5GHz,20,1,800,1.0,1.0,1,selected,39.0,143.382,4.783470869064331
Ideal_802.11ax-5GHz_20MHz_1ss_800ns_st1.0_s1,Ideal,802.11ax-5GHz,20,1,800,1.0,1.0,1,selected,38.0,143.382,4.783470869064331
Ideal_802.11ax-5GHz_20MHz_1ss_800ns_st1.0_s1,Ideal,802.11ax-5GHz,20,1,800,1.0,1.0,1,selected,37.0,143.382,4.783470869064331
Ideal_802.11ax-5GHz_20MHz_1ss_800ns_st1.0_s1,Ideal,802.11ax-5GHz,20,1,800,1.0,1.0,1,selected,36.0,143.382,4.783470869064331
Ideal_802.11ax-5GHz_20MHz_1ss_800ns_st1.0_s1,Ideal,802.11ax-5GHz,20,1,800,1.0,1.0,1,selected,35.0,129.044,4.783470869064331
Ideal_802.11ax-5GHz_20MHz_1ss_800ns_st1.0_s1,Ideal,802.11ax-5GHz,20,1,800,1.0,1.0,1,selected,34.0,129.044,4.783470869064331
Ideal_802.11ax-5GHz_20MHz_1ss_800ns_st1.0_s1,Ideal,802.11ax-5GHz,20,1,800,1.0,1.0,1,selected,33.0,114.706,4.783470869064331
Ideal_802.11ax-5GHz_20MHz_1ss_800ns_st1.0_s1,Ideal,802.11ax-5GHz,20,1,800,1.0,1.0,1,selected,32.0,114.706,4.783470869064331
Ideal_802.11ax-5GHz_20MHz_1ss_800ns_st1.0_s1,Ideal,802.11ax-5GHz,20,1,800,1.0,1.0,1,selected,31.0,114.706,4.783470869064331
Ideal_802.11ax-5GHz_20MHz_1ss_800ns_st1.0_s1,Ideal,802.11ax-5GHz,20,1,800,1.0,1.0,1,selected,30.0,114.706,4.783470869064331
Ideal_802.11ax-5GHz_20MHz_1ss_800ns_st1.0_s1,Ideal,802.11ax-5GHz,20,1,800,1.0,1.0,1,selected,29.0,114.706,4.783470869064331
Ideal_802.11ax-5GHz_20MHz_1ss_800ns_st1.0_s1,Ideal,802.11ax-5GHz,20,1,800,1.0,1.0,1,selected,28.0,114.706,4.783470869064331
Ideal_802.11ax-5GHz_20MHz_1ss_800ns_st1.0_s1,Ideal,802.11ax-5GHz,20,1,800,1.0,1.0,1,selected,27.0,114.706,4.783470869064331
Ideal_802.11ax-5GHz_20MHz_1ss_800ns_st1.0_s1,Ideal,802.11ax-5GHz,20,1,800,1.0,1.0,1,selected,26.0,114.706,4.783470869064331
Ideal_802.11ax-5GHz_20MHz_1ss_800ns_st1.0_s1,Ideal,802.11ax-5GHz,20,1,800,1.0,1.0,1,selected,25.0,103.235,4.783470869064331
Ideal_802.11ax-5GHz_20MHz_1ss_800ns_st1.0_s1,Ideal,802.11ax-5GHz,20,1,800,1.0,1.0,1,selected,24.0,86.0294,4.783470869064331
Ideal_802.11ax-5GHz_20MHz_1ss_800ns_st1.0_s1,Ideal,802.11ax-5GHz,20,1,800,1.0,1.0,1,selected,23.0,86.0294,4.783470869064331
Ideal_802.11ax-5GHz_20MHz_1ss_800ns_st1.0_s1,Ideal,802.11ax-5GHz,20,1,800,1.0,1.0,1,selected,22.0,86.0294,4.783470869064331
Ideal_802.11ax-5GHz_20MHz_1ss_800ns_st1.0_s1,Ideal,802.11ax-5GHz,20,1,800,1.0,1.0,1,selected,21.0,86.0294,4.783470869064331
Ideal_802.11ax-5GHz_20MHz_1ss_800ns_st1.0_s1,Ideal,802.11ax-5GHz,20,1,800,1.0,1.0,1,selected,20.0,77.4265,4.783470869064331
Ideal_802.11ax-5GHz_20MHz_1ss_800ns_st1.0_s1,Ideal,802.11ax-5GHz,20,1,800,1.0,1.0,1,selected,19.0,68.8235,4.783470869064331
Ideal_802.11ax-5GHz_20MHz_1ss_800ns_st1.0_s1,Ideal,802.11ax-5GHz,20,1,800,1.0,1.0,1,selected,18.0,68.8235,4.783470869064331
Ideal_802.11ax-5GHz_20MHz_1ss_800ns_st1.0_s1,Ideal,802.11ax-5GHz,20,1,800,1.0,1.0,1,selected,17.0,51.6176,4.783470869064331
Ideal_802.11ax-5GHz_20MHz_1ss_800ns_st1.0_s1,Ideal,802.11ax-5GHz,20,1,800,1.0,1.0,1,selected,16.0,51.6176,4.783470869064331
Ideal_802.11ax-5GHz_20MHz_1ss_800ns_st1.0_s1,Ideal,802.11ax-5GHz,20,1,800,1.0,1.0,1,selected,15.0,51.6176,4.783470869064331
Ideal_802.11ax-5GHz_20MHz_1ss_800ns_st1.0_s1,Ideal,802.11ax-5GHz,20,1,800,1.0,1.0,1,selected,14.0,51.6176,4.783470869064331
Ideal_802.11ax-5GHz_20MHz_1ss_800ns_st1.0_s1,Ideal,802.11ax-5GHz,20,1,800,1.0,1.0,1,selected,13.0,34.4118,4.783470869064331
Ideal_802.11ax-5GHz_20MHz_1ss_800ns_st1.0_s1,Ideal,802.11ax-5GHz,20,1,800,1.0,1.0,1,selected,12.0,34.4118,4.783470869064331
Ideal_802.11ax-5GHz_20MHz_1ss_800ns_st1.0_s1,Ideal,802.11ax-5GHz,20,1,800,1.0,1.0,1,selected,11.0,34.4118,4.783470869064331
Ideal_802.11ax-5GHz_20MHz_1ss_800ns_st1.0_s1,Ideal,802.11ax-5GHz,20,1,800,1.0,1.0,1,selected,10.0,25.8088,4.783470869064331
Ideal_802.11ax-5GHz_20MHz_1ss_800ns_st1.0_s1,Ideal,802.11ax-5GHz,20,1,800,1.0,1.0,1,selected,9.0,25.8088,4.783470869064331
Ideal_802.11ax-5GHz_20MHz_1ss_800ns_st1.0_s1,Ideal,802.11ax-5GHz,20,1,800,1.0,1.0,1,selected,8.0,25.8088,4.783470869064331
Ideal_802.11ax-5GHz_20MHz_1ss_800ns_st1.0_s1,Ideal,802.11ax-5GHz,20,1,800,1.0,1.0,1,selected,7.0,25.8088,4.783470869064331
Ideal_802.11ax-5GHz_20MHz_1ss_800ns_st1.0_s1,Ideal,802.11ax-5GHz,20,1,800,1.0,1.0,1,selected,6.0,17.2059,4.783470869064331
Ideal_802.11ax-5GHz_20MHz_1ss_800ns_st1.0_s1,Ideal,802.11ax-5GHz,20,1,800,1.0,1.0,1,selected,5.0,17.2059,4.783470869064331
Ideal_802.11ax-5GHz_20MHz_1ss_800ns_st1.0_s1,Ideal,802.11ax-5GHz,20,1,800,1.0,1.0,1,observed,55.0,129.466,4.783470869064331
Ideal_802.11ax-5GHz_20MHz_1ss_800ns_st1.0_s1,Ideal,802.11ax-5GHz,20,1,800,1.0,1.0,1,observed,54.0,129.483,4.783470869064331
Ideal_802.11ax-5GHz_20MHz_1ss_800ns_st1.0_s1,Ideal,802.11ax-5GHz,20,1,800,1.0,1.0,1,observed,53.0,129.556,4.783470869064331
Ideal_802.11ax-5GHz_20MHz_1ss_800ns_st1.0_s1,Ideal,802.11ax-5GHz,20,1,800,1.0,1.0,1,observed,52.0,129.671,4.783470869064331
Ideal_802.11ax-5GHz_20MHz_1ss_800ns_st1.0_s1,Ideal,802.11ax-5GHz,20,1,800,1.0,1.0,1,observed,51.0,129.597,4.783470869064331
Ideal_802.11ax-5GHz_20MHz_1ss_800ns_st1.0_s1,Ideal,802.11ax-5GHz,20,1,800,1.0,1.0,1,observed,50.0,129.606,4.783470869064331
Ideal_802.11ax-5GHz_20MHz_1ss_800ns_st1.0_s1,Ideal,802.11ax-5GHz,20,1,800,1.0,1.0,1,observed,49.0,129.589,4.783470869064331
Ideal_802.11ax-5GHz_20MHz_1ss_800ns_st1.0_s1,Ideal,802.11ax-5GHz,20,1,800,1.0,1.0,1,observed,48.0,129.565,4.783470869064331
Ideal_802.11ax-5GHz_20MHz_1ss_800ns_st1.0_s1,Ideal,802.11ax-5GHz,20,1,800,1.0,1.0,1,observed,47.0,129.54,4.783470869064331
Ideal_802.11ax-5GHz_20MHz_1ss_800ns_st1.0_s1,Ideal,802.11ax-5GHz,20,1,800,1.0,1.0,1,observed,46.0,129.499,4.783470869064331
Ideal_802.11ax-5GHz_20MHz_1ss_800ns_st1.0_s1,Ideal,802.11ax-5GHz,20,1,800,1.0,1.0,1,observed,45.0,129.688,4.783470869064331
Ideal_802.11ax-5GHz_20MHz_1ss_800ns_st1.0_s1,Ideal,802.11ax-5GHz,20,1,800,1.0,1.0,1,observed,44.0,129.655,4.783470869064331
Ideal_802.11ax-5GHz_20MHz_1ss_800ns_st1.0_s1,Ideal,802.11ax-5GHz,20,1,800,1.0,1.0,1,observed,43.0,129.524,4.783470869064331
Ideal_802.11ax-5GHz_20MHz_1ss_800ns_st1.0_s1,Ideal,802.11ax-5GHz,20,1,800,1.0,1.0,1,observed,42.0,129.794,4.783470869064331
Ideal_802.11ax-5GHz_20MHz_1ss_800ns_st1.0_s1,Ideal,802.11ax-5GHz,20,1,800,1.0,1.0,1,observed,41.0,129.565,4.783470869064331
Ideal_802.11ax-5GHz_20MHz_1ss_800ns_st1.0_s1,Ideal,802.11ax-5GHz,20,1,800,1.0,1.0,1,observed,40.0,129.532,4.783470869064331
Ideal_802.11ax-5GHz_20MHz_1ss_800ns_st1.0_s1,Ideal,802.11ax-5GHz,20,1,800,1.0,1.0,1,observed,39.0,129.565,4.783470869064331
Ideal_802.11ax-5GHz_20MHz_1ss_800ns_st1.0_s1,Ideal,802.11ax-5GHz,20,1,800,1.0,1.0,1,observed,38.0,129.663,4.783470869064331
Ideal_802.11ax-5GHz_20MHz_1ss_800ns_st1.0_s1,Ideal,802.11ax-5GHz,20,1,800,1.0,1.0,1,observed,37.0,129.72,4.783470869064331
Ideal_802.11ax-5GHz_20MHz_1ss_800ns_st1.0_s1,Ideal,802.11ax-5GHz,20,1,800,1.0,1.0,1,observed,36.0,129.589,4.783470869064331
Ideal_802.11ax-5GHz_20MHz_1ss_800ns_st1.0_s1,Ideal,802.11ax-5GHz,20,1,800,1.0,1.0,1,observed,35.0,117.506,4.783470869064331
Ideal_802.11ax-5GHz_20MHz_1ss_800ns_st1.0_s1,Ideal,802.11ax-5GHz,20,1,800,1.0,1.0,1,observed,34.0,117.531,4.783470869064331
Ideal_802.11ax-5GHz_20MHz_1ss_800ns_st1.0_s1,Ideal,802.11ax-5GHz,20,1,800,1.0,1.0,1,observed,33.0,104.882,4.783470869064331
Ideal_802.11ax-5GHz_20MHz_1ss_800ns_st1.0_s1,Ideal,802.11ax-5GHz,20,1,800,1.0,1.0,1,observed,32.0,104.727,4.783470869064331
Ideal_802.11ax-5GHz_20MHz_1ss_800ns_st1.0_s1,Ideal,802.11ax-5GHz,20,1,800,1.0,1.0,1,observed,31.0,104.882,4.783470869064331
Ideal_802.11ax-5GHz_20MHz_1ss_800ns_st1.0_s1,Ideal,802.11ax-5GHz,20,1,800,1.0,1.0,1,observed,30.0,104.792,4.783470869064331
Ideal_802.11ax-5GHz_20MHz_1ss_800ns_st1.0_s1,Ideal,802.11ax-5GHz,20,1,800,1.0,1.0,1,observed,29.0,104.907,4.783470869064331
Ideal_802.11ax-5GHz_20MHz_1ss_800ns_st1.0_s1,Ideal,802.11ax-5GHz,20,1,800,1.0,1.0,1,observed,28.0,104.825,4.783470869064331
Ideal_802.11ax-5GHz_20MHz_1ss_800ns_st1.0_s1,Ideal,802.11ax-5GHz,20,1,800,1.0,1.0,1,observed,27.0,104.767,4.783470869064331
Ideal_802.11ax-5GHz_20MHz_1ss_800ns_st1.0_s1,Ideal,802.11ax-5GHz,20,1,800,1.0,1.0,1,observed,26.0,103.85,4.783470869064331
Ideal_802.11ax-5GHz_20MHz_1ss_800ns_st1.0_s1,Ideal,802.11ax-5GHz,20,1,800,1.0,1.0,1,observed,25.0,94.4701,4.783470869064331
Ideal_802.11ax-5GHz_20MHz_1ss_800ns_st1.0_s1,Ideal,802.11ax-5GHz,20,1,800,1.0,1.0,1,observed,24.0,79.3149,4.783470869064331
Ideal_802.11ax-5GHz_20MHz_1ss_800ns_st1.0_s1,Ideal,802.11ax-5GHz,20,1,800,1.0,1.0,1,observed,23.0,79.1593,4.783470869064331
Ideal_802.11ax-5GHz_20MHz_1ss_800ns_st1.0_s1,Ideal,802.11ax-5GHz,20,1,800,1.0,1.0,1,observed,22.0,79.3559,4.783470869064331
Ideal_802.11ax-5GHz_20MHz_1ss_800ns_st1.0_s1,Ideal,802.11ax-5GHz,20,1,800,1.0,1.0,1,observed,21.0,79.1183,4.783470869064331
Ideal_802.11ax-5GHz_20MHz_1ss_800ns_st1.0_s1,Ideal,802.11ax-5GHz,20,1,800,1.0,1.0,1,observed,20.0,71.3933,4.783470869064331
Ideal_802.11ax-5GHz_20MHz_1ss_800ns_st1.0_s1,Ideal,802.11ax-5GHz,20,1,800,1.0,1.0,1,observed,19.0,63.3733,4.783470869064331
Ideal_802.11ax-5GHz_20MHz_1ss_800ns_st1.0_s1,Ideal,802.11ax-5GHz,20,1,800,1.0,1.0,1,observed,18.0,63.0211,4.783470869064331
Ideal_802.11ax-5GHz_20MHz_1ss_800ns_st1.0_s1,Ideal,802.11ax-5GHz,20,1,800,1.0,1.0,1,observed,17.0,47.6692,4.783470869064331
Ideal_802.11ax-5GHz_20MHz_1ss_800ns_st1.0_s1,Ideal,802.11ax-5GHz,20,1,800,1.0,1.0,1,observed,16.0,47.53,4.783470869064331
Ideal_802.11ax-5GHz_20MHz_1ss_800ns_st1.0_s1,Ideal,802.11ax-5GHz,20,1,800,1.0,1.0,1,observed,15.0,47.5464,4.783470869064331
Ideal_802.11ax-5GHz_20MHz_1ss_800ns_st1.0_s1,Ideal,802.11ax-5GHz,20,1,800,1.0,1.0,1,observed,14.0,47.4317,4.783470869064331
Ideal_802.11ax-5GHz_20MHz_1ss_800ns_st1.0_s1,Ideal,802.11ax-5GHz,20,1,800,1.0,1.0,1,observed,13.0,31.8505,4.783470869064331
Ideal_802.11ax-5GHz_20MHz_1ss_800ns_st1.0_s1,Ideal,802.11ax-5GHz,20,1,800,1.0,1.0,1,observed,12.0,31.6621,4.783470869064331
Ideal_802.11ax-5GHz_20MHz_1ss_800ns_st1.0_s1,Ideal,802.11ax-5GHz,20,1,800,1.0,1.0,1,observed,11.0,31.6211,4.783470869064331
Ideal_802.11ax-5GHz_20MHz_1ss_800ns_st1.0_s1,Ideal,802.11ax-5GHz,20,1,800,1.0,1.0,1,observed,10.0,23.765,4.783470869064331
Ideal_802.11ax-5GHz_20MHz_1ss_800ns_st1.0_s1,Ideal,802.11ax-5GHz,20,1,800,1.0,1.0,1,observed,9.0,23.6831,4.783470869064331
Ideal_802.11ax-5GHz_20MHz_1ss_800ns_st1.0_s1,Ideal,802.11ax-5GHz,20,1,800,1.0,1.0,1,observed,8.0,23.6667,4.783470869064331
Ideal_802.11ax-5GHz_20MHz_1ss_800ns_st1.0_s1,Ideal,802.11ax-5GHz,20,1,800,1.0,1.0,1,observed,7.0,23.4045,4.783470869064331
Ideal_802.11ax-5GHz_20MHz_1ss_800ns_st1.0_s1,Ideal,802.11ax-5GHz,20,1,800,1.0,1.0,1,observed,6.0,15.8106,4.783470869064331
Ideal_802.11ax-5GHz_20MHz_1ss_800ns_st1.0_s1,Ideal,802.11ax-5GHz,20,1,800,1.0,1.0,1,observed,5.0,15.6795,4.783470869064331
